{
	"plantuml.exportCurrent.title": "현재 다이어그램 내보내기",
	"plantuml.exportDocument.title": "현재 다이어그램 파일 내보내기",
	"plantuml.exportWorkspace.title": "작업공간의 다이어그램 내보내기",
	"plantuml.preview.title": "현재 다이어그램 미리보기",
	"plantuml.URLCurrent.title": "현재 다이어그램에 대한 URL 생성하기",
	"plantuml.URLDocument.title": "현재 다이어그램 파일에 대한 URL 생성하기",
	"plantuml.extractSource.title": "그림에서 PlantUML 다이어그램 소스 추출하기",
	"plantuml.configuration.configTitle": "PlantUML 환경설정",
	"plantuml.configuration.exportFormat": "내보내기 형식. 매번 내보낼 때마다 선택하려면 비워두십시오.",
	"plantuml.configuration.jar": "plantuml.jar의 다른 위치. 통합 jar를 쓰려면 비워두십시오.",
	"plantuml.configuration.diagramsRoot": "모든 다이어그램 파일들을 저장할 위치 (작업공간의 상대 폴더).",
	"plantuml.configuration.fileExtensions": "내보낼 파일을 찾을 때 사용할 확장자. 특히 작업공간 설정에서, \".java\" 같은 확장자를 추가하여 소스코드 파일의 다이어그램을 내보낼 수 있습니다.",
	"plantuml.configuration.exportSubFolder": "호스트 파일과 같은 이름의 폴더에 다이어그램을 내보낼 수 있습니다.",
	"plantuml.configuration.exportConcurrency": "여러개의 다이어그램을 내보내기 할 때 동시작업개수를 지정합니다.",
	"plantuml.configuration.exportOutDir": "내보낸 작업공간 다이어그램이 이 디렉터리에 보관됩니다.  (작업공간의 상대 폴더).",
	"plantuml.configuration.previewAutoUpdate": "미리보기 화면을 자동으로 업데이트할지를 결정합니다.",
	"plantuml.configuration.previewSnapIndicators": "미리보기 화면에서 스냅 지시자를 표시할지를 결정합니다.",
	"plantuml.configuration.server": "UML 다이어그램을 바로 생성할 수 있는 Plantuml 서버. 데이터가 공개되도 괜찮다면 https://www.plantuml.com/plantuml 공식서버를 사용할 수 있습니다.",
	"plantuml.configuration.urlFormat": "URL 형식. URL을 만들 때마다 선택하려면 비워두십시오.",
	"plantuml.configuration.urlResult": "URL 결과 형식. 단순URL 또는 MarkDown용.",
	"plantuml.configuration.render": "내보내기와 미리보기 모두에 사용할 다이어그램 처리기.\n로컬: 기존 방식으로 로컬에서 다이어그램을 처리합니다. 먼저 JAVA와 GraphViz를 설치해야합니다.\nPlantUMLServer: \"plantuml.server\"에 지정된 서버를 사용하여 다이어그램을 처리합니다. 훨씬 빠르지만 서버를 필요로 합니다.\n로컬 설정이 기본값입니다.",
	"plantuml.configuration.commandArgs": "commandArgs는 \"-DPLANTUML_LIMIT_SIZE=8192\" 같은 추가 옵션을 java에 전달할 수 있습니다.",
	"plantuml.configuration.jarArgs": "jarArgs는 \"-config plantuml.config\" 같은 추가 옵셥을 plantuml.jar에 전달할 수 있습니다.",
	"plantuml.configuration.exportMapFile": "내보내기 할 때 이미지 맵 (.cmapx) 파일도 내보낼지를 결정합니다.",
	"plantuml.configuration.java": "Java 실행파일 위치.",
	"plantuml.configuration.includepaths": "소스 폴더와 'diagramsRoot'외에 포함할 경로를 지정합니다.",
	"plantuml.untrusted.description": "Required for loading vulnerable workspace settings"
}
