{
	"plantuml.exportCurrent.title": "Exporter le diagramme en cours",
	"plantuml.exportDocument.title": "Exporter les diagrammes du fichier",
	"plantuml.exportWorkspace.title": "Exporter les diagrammes de l'espace de travail",
	"plantuml.preview.title": "Prévisualiser Diagramme",
	"plantuml.URLCurrent.title": "Générer l'URL du diagramme en cours",
	"plantuml.URLDocument.title": "Générer les URLs des diagrammes du fichier",
	"plantuml.extractSource.title": "Extraire la source du diagramme PlantUML à partir de l'image",
	"plantuml.toggleWorkspaceTrusted.title": "Toggle Workspace Trust Flag",
	"plantuml.configuration.configTitle": "Configuration de PlantUML",
	"plantuml.configuration.exportFormat": "Format d'export. Laissez vide pour sélectionner le format à chaque export.",
	"plantuml.configuration.jar": "Chemin pour utiliser un autre plantuml.jar. Laissez vide pour utiliser le jar intégré.",
	"plantuml.configuration.diagramsRoot": "Spécifiez le dossier de stockage des diagrammes (chemin relatif à l'espace de travail).",
	"plantuml.configuration.fileExtensions": "Extensions des fichiers considérés comme exportables. Vous pouvez ajouter vos propres extensions pour permettre l'extraction de diagrammes contenu dans des fichiers de code source, par exemple \".java\"",
	"plantuml.configuration.exportSubFolder": "Créer un dossier séparé pour chaque fichier source dans le répertoire de sortie ?",
	"plantuml.configuration.exportConcurrency": "Nombres de threads à utiliser lors de l'exportation de plusieurs diagrammes en parallele",
	"plantuml.configuration.exportOutDir": "Les diagrammes exportés de l'espace de travail seront à cette adresse (relatif au dossier de l'espace de travail).",
	"plantuml.configuration.previewAutoUpdate": "Activation de l'aperçu automatique.",
	"plantuml.configuration.previewSnapIndicators": "Activation des indicateurs de limites dans la fenêtre d'aperçu.",
	"plantuml.configuration.server": "URL du serveur Plantuml lors de l'utilisation du moteur de rendu 'PlantUMLServer'. You may use official server https://www.plantuml.com/plantuml if you feel OK to share data with it.",
	"plantuml.configuration.urlFormat": "Format d'exportation utilisé lors de la génération de l'URL. Laissez vide pour avoir le choix à chaque exportation",
	"plantuml.configuration.urlResult": "Type d'URL généré. URL simple ou formaté pour le Markdown.",
	"plantuml.configuration.render": "Sélectionnez le générateur de diagramme pour l'export et l'aperçu.\nLocal: Générateur local de diagrammes. Vous devez installer Java et GraphViz pour l'utiliser.\nPlantUMLServer: Générateur de diagramme par serveur spécifié dans \"plantuml.server\". Plus rapide, mais nécessite un serveur.\nLocal est la configuration par défaut.",
	"plantuml.configuration.commandArgs": "'commandArgs' vous permet d'ajouter des arguments à la commande 'java', par exemple \"-DPLANTUML_LIMIT_SIZE=8192\".",
	"plantuml.configuration.jarArgs": "'jarArgs' vous permet d'ajouter des arguments à 'plantuml.jar', par exemple \"-config plantuml.config\".",
	"plantuml.configuration.exportMapFile": "Activer l'export d'image map (.cmapx).",
	"plantuml.configuration.java": "Emplacement de l'exécutable 'java'",
	"plantuml.configuration.includepaths": "Specifies the include paths besides source folder and the 'diagramsRoot'."
}