{
    "python.command.python.sortImports.title": "Ordenar importaciones",
    "python.command.python.startREPL.title": "Nuevo REPL",
    "python.command.python.createTerminal.title": "Nueva terminal",
    "python.command.python.buildWorkspaceSymbols.title": "Compilar símbolos del area de trabajo",
    "python.command.python.runtests.title": "Ejecutar todas las pruebas unitarias",
    "python.command.python.debugtests.title": "Depurar todas la pruebas unitarias",
    "python.command.python.execInTerminal.title": "Ejecutar archivo Python en la terminal",
    "python.command.python.setInterpreter.title": "Seleccionar intérprete",
    "python.command.python.updateSparkLibrary.title": "Actualizar las librerías PySpark del area de trabajo",
    "python.command.python.refactorExtractVariable.title": "Extraer variable",
    "python.command.python.refactorExtractMethod.title": "Extraer método",
    "python.command.python.viewTestOutput.title": "Mostrar resultados de la prueba unitaria",
    "python.command.python.selectAndRunTestMethod.title": "Método de ejecución de pruebas unitarias ...",
    "python.command.python.selectAndDebugTestMethod.title": "Método de depuración de pruebas unitarias ...",
    "python.command.python.selectAndRunTestFile.title": "Ejecutar archivo de prueba unitaria ...",
    "python.command.python.runCurrentTestFile.title": "Ejecutar archivo de prueba unitaria actual",
    "python.command.python.runFailedTests.title": "Ejecutar pruebas unitarias fallidas",
    "python.command.python.discoverTests.title": "Encontrar pruebas unitarias",
    "python.command.python.execSelectionInTerminal.title": "Ejecutar linea/selección en la terminal",
    "python.command.python.execSelectionInDjangoShell.title": "Ejecutar linea/selección en el interprete de Django",
    "python.command.python.goToPythonObject.title": "Ir al objeto de Python",
    "python.command.python.setLinter.title": "Selecionar Linter",
    "python.command.python.enableLinting.title": "Habilitar Linting",
    "python.command.python.runLinting.title": "Ejecutar Linting",
    "python.snippet.launch.standard.label": "Python: Archivo actual",
    "python.snippet.launch.standard.description": "Depurar una aplicación Python con salida estandar",
    "python.snippet.launch.pyspark.label": "Python: PySpark",
    "python.snippet.launch.pyspark.description": "Depurar una aplicación de PySpark",
    "python.snippet.launch.module.label": "Python: Módulo",
    "python.snippet.launch.module.description": "Depurar un módulo de Python",
    "python.snippet.launch.terminal.label": "Python: Terminal (integrada)",
    "python.snippet.launch.terminal.description": "Depurar una aplicación Python usando la terminal integrada",
    "python.snippet.launch.externalTerminal.label": "Python: Terminal (externa)",
    "python.snippet.launch.externalTerminal.description": "Depurar una aplicación Python usando una terminal externa",
    "python.snippet.launch.django.label": "Python: Django",
    "python.snippet.launch.django.description": "Depurar una aplicación de Django",
    "python.snippet.launch.flask.label": "Python: Flask (Versión 0.11.x o posterior)",
    "python.snippet.launch.flask.description": "Depurar una aplicación de Flask",
    "python.snippet.launch.flaskOld.label": "Python: Flask (Versión 0.10.x o anterior)",
    "python.snippet.launch.flaskOld.description": "Depurar una aplicación de Flask de estilo antiguo",
    "python.snippet.launch.gevent.label": "Python: Gevent",
    "python.snippet.launch.gevent.description": "Depurar una aplicación de Gevent",
    "python.snippet.launch.pyramid.label": "Python: Pyramid",
    "python.snippet.launch.pyramid.description": "Depurar una aplicación de Pyramid",
    "python.snippet.launch.watson.label": "Python: Watson",
    "python.snippet.launch.watson.description": "Depurar una aplicación de Watson",
    "python.snippet.launch.attach.label": "Python: Adjuntar",
    "python.snippet.launch.attach.description": "Depuración remota usando depurador adjunto",
    "python.snippet.launch.scrapy.label": "Python: Scrapy",
    "python.snippet.launch.scrapy.description": "Scrapy usando la terminal integrada"
}
