{
    "python.command.python.sortImports.title": "Ordenar Importações",
    "python.command.python.startREPL.title": "Iniciar REPL",
    "python.command.python.createTerminal.title": "Criar Terminal",
    "python.command.python.buildWorkspaceSymbols.title": "Construir Símbolos da Área de Trabalho",
    "python.command.python.runtests.title": "Executar Todos os Testes Unitários",
    "python.command.python.debugtests.title": "Depurar Todos os Testes Unitários",
    "python.command.python.execInTerminal.title": "Executar Arquivo no Terminal",
    "python.command.python.setInterpreter.title": "Selecionar Interpretador",
    "python.command.python.updateSparkLibrary.title": "Atualizar Área de Trabalho da Biblioteca PySpark",
    "python.command.python.refactorExtractVariable.title": "Extrair Variável",
    "python.command.python.refactorExtractMethod.title": "Extrair Método",
    "python.command.python.viewTestOutput.title": "Exibir Resultados dos Testes Unitários",
    "python.command.python.selectAndRunTestMethod.title": "Executar Testes Unitários do Método ...",
    "python.command.python.selectAndDebugTestMethod.title": "Depurar Testes Unitários do Método ...",
    "python.command.python.selectAndRunTestFile.title": "Executar Arquivo de Testes Unitários ...",
    "python.command.python.runCurrentTestFile.title": "Executar o Arquivo de Testes Unitários Atual",
    "python.command.python.runFailedTests.title": "Executar Testes Unitários com Falhas",
    "python.command.python.discoverTests.title": "Descobrir Testes Unitários",
    "python.command.python.execSelectionInTerminal.title": "Executar Seleção/Linha no Terminal",
    "python.command.python.execSelectionInDjangoShell.title": "Executar Seleção/Linha no Django Shell",
    "python.command.python.goToPythonObject.title": "Ir para Objeto Python",
    "python.command.python.setLinter.title": "Selecionar Linter",
    "python.command.python.enableLinting.title": "Habilitar Linting",
    "python.command.python.runLinting.title": "Executar Linting",
    "python.snippet.launch.standard.label": "Python: Arquivo Atual",
    "python.snippet.launch.standard.description": "Depurar um Programa Python com a saída padrão",
    "python.snippet.launch.pyspark.label": "Python: PySpark",
    "python.snippet.launch.pyspark.description": "Depurar PySpark",
    "python.snippet.launch.module.label": "Python: Módulo",
    "python.snippet.launch.module.description": "Depurar um Módulo Python",
    "python.snippet.launch.terminal.label": "Python: Terminal (integrado)",
    "python.snippet.launch.terminal.description": "Depurar um Programa Python com Terminal/Console Integrado",
    "python.snippet.launch.externalTerminal.label": "Python: Terminal (externo)",
    "python.snippet.launch.externalTerminal.description": "Depurar um Programa Python com Terminal/Console Externo",
    "python.snippet.launch.django.label": "Python: Django",
    "python.snippet.launch.django.description": "Depurar uma Aplicação Django",
    "python.snippet.launch.flask.label": "Python: Flask (0.11.x ou superior)",
    "python.snippet.launch.flask.description": "Depurar uma Aplicação Flask",
    "python.snippet.launch.flaskOld.label": "Python: Flask (0.10.x ou inferior)",
    "python.snippet.launch.flaskOld.description": "Depurar uma Aplicação Flask no Estilo Antigo",
    "python.snippet.launch.gevent.label": "Python: Gevent",
    "python.snippet.launch.gevent.description": "Depurar uma Aplicação Gevent",
    "python.snippet.launch.pyramid.label": "Python: Aplicação Pyramid",
    "python.snippet.launch.pyramid.description": "Depurar uma Aplicação Pyramid",
    "python.snippet.launch.watson.label": "Python: Aplicação Watson",
    "python.snippet.launch.watson.description": "Depurar uma Aplicação Watson",
    "python.snippet.launch.attach.label": "Python: Anexar",
    "python.snippet.launch.attach.description": "Anexar depurador para depuração remota",
    "python.snippet.launch.scrapy.label": "Python: Scrapy",
    "python.snippet.launch.scrapy.description": "Scrapy com Terminal/Console Integrado"
}
