{
    "python.command.python.sortImports.title": "排序 import 语句",
    "python.command.python.startREPL.title": "启动 REPL",
    "python.command.python.createTerminal.title": "创建终端",
    "python.command.python.buildWorkspaceSymbols.title": "构建工作区符号",
    "python.command.python.runtests.title": "运行所有单元测试",
    "python.command.python.debugtests.title": "调试所有单元测试",
    "python.command.python.execInTerminal.title": "在终端中运行 Python 文件",
    "python.command.python.setInterpreter.title": "选择解析器",
    "python.command.python.updateSparkLibrary.title": "更新工作区 PySpark 库",
    "python.command.python.refactorExtractVariable.title": "提取变量",
    "python.command.python.refactorExtractMethod.title": "提取方法",
    "python.command.python.viewTestOutput.title": "显示单元测试输出",
    "python.command.python.selectAndRunTestMethod.title": "运行单元测试方法...",
    "python.command.python.selectAndDebugTestMethod.title": "调试单元测试方法...",
    "python.command.python.selectAndRunTestFile.title": "运行单元测试文件...",
    "python.command.python.runCurrentTestFile.title": "运行当前单元测试文件",
    "python.command.python.runFailedTests.title": "运行失败的单元测试",
    "python.command.python.discoverTests.title": "检测单元测试",
    "python.command.python.execSelectionInTerminal.title": "在 Python 终端中运行选定内容／行",
    "python.command.python.execSelectionInDjangoShell.title": "在 Django Shell 中运行选定内容／行",
    "python.command.python.goToPythonObject.title": "转到 Python 对象",
    "python.command.python.setLinter.title": "选择 Linter 插件",
    "python.command.python.enableLinting.title": "启用 Linting",
    "python.command.python.runLinting.title": "运行 Linting",
    "python.snippet.launch.standard.label": "Python: 当前文件",
    "python.snippet.launch.standard.label": "Python: Current File",
    "python.snippet.launch.standard.description": "使用标准输出调试 Python 应用",
    "python.snippet.launch.pyspark.label": "Python: PySpark",
    "python.snippet.launch.pyspark.description": "调试 PySpark",
    "python.snippet.launch.module.label": "Python: 模块",
    "python.snippet.launch.module.description": "调试 Python 模块",
    "python.snippet.launch.terminal.label": "Python: 终端 (集成)",
    "python.snippet.launch.terminal.description": "使用集成终端调试 Python 程序",
    "python.snippet.launch.externalTerminal.label": "Python: 终端 (外部)",
    "python.snippet.launch.externalTerminal.description": "使用外部终端调试 Python 程序",
    "python.snippet.launch.django.label": "Python: Django",
    "python.snippet.launch.django.description": "调试 Django 应用",
    "python.snippet.launch.flask.label": "Python: Flask (0.11.x 或以后)",
    "python.snippet.launch.flask.description": "调试 Flask 应用",
    "python.snippet.launch.flaskOld.label": "Python: Flask (0.10.x 或之前)",
    "python.snippet.launch.flaskOld.description": "调试旧式 Flask 应用",
    "python.snippet.launch.gevent.label": "Python: Gevent 应用",
    "python.snippet.launch.gevent.description": "调试 Gevent 应用",
    "python.snippet.launch.pyramid.label": "Python: Pyramid 应用",
    "python.snippet.launch.pyramid.description": "调试 Pyramid 应用",
    "python.snippet.launch.watson.label": "Python: Watson 应用",
    "python.snippet.launch.watson.description": "调试 Watson 应用",
    "python.snippet.launch.attach.label": "Python: 附加",
    "python.snippet.launch.attach.description": "附加远程调试器",
    "python.snippet.launch.scrapy.label": "Python: Scrapy 应用",
    "python.snippet.launch.scrapy.description": "使用集成终端运行 Scrapy"
}
