{
    "python.command.python.sortImports.title": "Ordina gli import",
    "python.command.python.startREPL.title": "Apri nuova REPL",
    "python.command.python.createTerminal.title": "Apri nuovo terminale",
    "python.command.python.buildWorkspaceSymbols.title": "Compila simboli dello spazio di lavoro",
    "python.command.python.runtests.title": "Esegui tutti i test",
    "python.command.python.debugtests.title": "Esegui debug di tutti i test",
    "python.command.python.execInTerminal.title": "Esegui file Python nel terminale",
    "python.command.python.setInterpreter.title": "Seleziona interprete",
    "python.command.python.updateSparkLibrary.title": "Aggiorna librerie PySpark dello spazio di lavoro",
    "python.command.python.refactorExtractVariable.title": "Estrai variable",
    "python.command.python.refactorExtractMethod.title": "Estrai metodo",
    "python.command.python.viewTestOutput.title": "Mostra output dei test",
    "python.command.python.selectAndRunTestMethod.title": "Esegui metodo di test ...",
    "python.command.python.selectAndDebugTestMethod.title": "Esegui debug del metodo di test ...",
    "python.command.python.selectAndRunTestFile.title": "Esegui file di test ...",
    "python.command.python.runCurrentTestFile.title": "Esegui file di test attuale",
    "python.command.python.runFailedTests.title": "Esegui test falliti",
    "python.command.python.execSelectionInTerminal.title": "Esegui selezione/linea nel terminale di Python",
    "python.command.python.execSelectionInDjangoShell.title": "Esegui selezione/linea nella shell Django",
    "python.command.python.goToPythonObject.title": "Vai a oggetto Python",
    "python.command.python.setLinter.title": "Selezione Linter",
    "python.command.python.enableLinting.title": "Attiva Linting",
    "python.command.python.runLinting.title": "Esegui Linting",
    "python.snippet.launch.standard.label": "Python: File corrente",
    "python.snippet.launch.standard.description": "Esegui debug di un programma Python su output predefinito",
    "python.snippet.launch.pyspark.label": "Python: PySpark",
    "python.snippet.launch.pyspark.description": "Esegui debug PySpark",
    "python.snippet.launch.module.label": "Python: Modulo",
    "python.snippet.launch.module.description": "Esegui debug modulo Python",
    "python.snippet.launch.terminal.label": "Python: Terminale (integrato)",
    "python.snippet.launch.terminal.description": "Esegui debug di un programma Python nel terminale integrato",
    "python.snippet.launch.externalTerminal.label": "Python: Terminale (esterno)",
    "python.snippet.launch.externalTerminal.description": "Esegui debug di un programma Python nel terminale esterno",
    "python.snippet.launch.django.label": "Python: Django",
    "python.snippet.launch.django.description": "Esegui debug applicazione Django",
    "python.snippet.launch.flask.label": "Python: Flask (0.11.x o successiva)",
    "python.snippet.launch.flask.description": "Esegui debug applicazione Flask",
    "python.snippet.launch.flaskOld.label": "Python: Flask (0.10.x o precedente)",
    "python.snippet.launch.flaskOld.description": "Esegui debug applicazione Flask in vecchio stile",
    "python.snippet.launch.pyramid.label": "Python: Applicazione Pyramid",
    "python.snippet.launch.pyramid.description": "Esegui debug applicazione Pyramid",
    "python.snippet.launch.watson.label": "Python: Applicazione Watson",
    "python.snippet.launch.watson.description": "Esegui debug applicazione Watson",
    "python.snippet.launch.attach.label": "Python: Allega",
    "python.snippet.launch.attach.description": "Allega debugger per debug remoto",
    "python.snippet.launch.scrapy.label": "Python: Scrapy",
    "python.snippet.launch.scrapy.description": "Scrapy con terminale integrato"
}
