{
    "Activity Diagram Start": {
		"prefix": ";activity start",
		"body": "start\n",
		"description": "Adds the starting/initial step from which all paths start from in the activity diagram"
	},
	"Activity Diagram Stop": {
		"prefix": ";activity stop",
		"body": "stop\n",
		"description": "Adds the termination step from which all (or a) path(s) should lead in the activity diagram"
	},
	"Activity Diagram Activity": {
		"prefix": ";activity definition",
		"body": ":${1:do something};$0",
		"description": "Adds an activity that follows on from the previous control statement.\n Note, to use SDL sterotyped activities replace the terminating ';' with one of the following characters: |,<,>,/,],}"
	},
	"Activity Diagram Split": {
		"prefix": ";activity split",
		"body": [
			"split",
			"\t$0",
			"split again",
			"\t",
			"end split"
		],
		"description": "Adds an \"split, split again, end split\" to the activity diagram."
	},
	"Activity Diagram If Condition": {
		"prefix": ";activity if else condition",
		"body": [
			"if (${1:cond1}?) then (${2:val1})",
			"\t$0",
			"else (${3:val2})",
			"\t",
			"endif"
		],
		"description": "Adds an if-then-elseif-else condition to the activity diagram. Add/remove the elseif/else blocks as required"
	},
	"Activity Diagram If-elseif Condition": {
		"prefix": ";activity if elseif else condition",
		"body": [
			"if (${1:cond1}?) then (${2:val1})",
			"\t$0",
			"elseif (${3:cond2}?) then (${4:val2})",
			"\t",
			"else (${5:val3})",
			"\t",
			"endif"
		],
		"description": "Adds an if-then-elseif-else condition to the activity diagram. Add/remove the elseif/else blocks as required"
	},
	"Activity Diagram Repeat": {
		"prefix": ";activity repeat loop",
		"body": [
			"repeat",
			"\t$0",
			"repeat while (${1:cond}?) is (${2:val})"
		],
		"description": "Adds a repeat while loop to the activity diagram"
	},
	"Activity Diagram While": {
		"prefix": ";activity while loop",
		"body": [
			"while (${1:cond}?) is (not ${2:val})",
			"\t$0",
			"endwhile (${3:val}) "
		],
		"description": "Adds a while loop to the activity diagram"
	},
	"Activity Diagram Fork": {
		"prefix": ";activity fork concurrent activities",
		"body": [
			"fork",
			"\t$0",
			"fork again",
			"\t",
			"end fork"
		],
		"description": "Adds a fork segment to represent parallel processing within the activity diagram"
	},
	"Activity Diagram Activity Note": {
		"prefix": ";activity note on activity",
		"body": [
			"${1:floating }note ${2|left,right|}: ${3:single-line note}$0"
		],
		"description": "Appends a text note directly left|right of the preceding activity"
	},
	"Activity Diagram Activity Multi-Line Note": {
		"prefix": ";activity note on activity multi line",
		"body": [
			"${1:floating }note ${2|left,right|}",
			"${3:multi-line note}$0",
			"end note\n"
		],
		"description": "Appends a text note directly left|right of the preceding activity"
	},
	"Activity Diagram Partition": {
		"prefix": ";activity partition grouping",
		"body": [
			"partition ${1:name} {",
			"\t$0",
			"}\n"
		],
		"description": "Add a group that encloses a set of related activities within the activity diagram"
	},
	"Activity Diagram Swimlane": {
		"prefix": ";activity swimlane grouping",
		"body": "${1:|#AntiqueWhite}|${2:laneName}|$0",
		"description": "Creates a new vertical lane for all subsequent activities to be enclosed in. Use the color names guide to identify colors or use #hexCodes"
	},
	"Activity Diagram Detach": {
		"prefix": ";activity detach",
		"body": "detach$0",
		"description": "Causes an abrupt end immediately following the preceding activity"
	}
}